t,x,y,yaw_meas,v_meas,ekf_yaw_pre,ekf_yaw_post,ekf_yaw_rate,ekf_v,cte_init,epsi_init,prev_delta,chosen_delta,best_cost
0.016000000000000014,-183.8002166748047,80.20003509521484,-1.57079672626906,0.0,0.0,-1.0800012765819287,-0.01570545438998822,-0.78539836313453,2.168937477549587,0.4941241422310587,0.0,0.03370210793282629,672.8250765652932
0.04900000000000038,-183.8002166748047,80.20003509521484,-1.57079672626906,4.905018158751773e-06,0.0,-1.0802566231676523,-0.032494838466569954,-0.7853959106254507,2.169235821078403,0.4938687956453478,0.03370210793282629,0.08979149551848467,672.5583215279686
0.08199999999999985,-183.8002166748047,80.20003509521484,-1.57079672626906,7.331503638852155e-06,0.0,-1.0802566231676523,-0.0326936973124307,-0.78539714989179,2.169235821078403,0.4938687956453478,0.08979149551848467,0.1500985803302567,672.1563028031492
0.11500000000000021,-183.8002471923828,80.20030212402344,-1.570810175232565,-0.012521305121481419,0.0,-1.0802658721886478,-0.032905066440193885,-0.7916694059288426,2.1691477482639194,0.49385954662436404,0.1500985803302567,0.19401224284705304,672.3711247060584
0.1479999999999997,-183.8001251220703,80.19880676269531,-1.5706997872053812,0.0342244915664196,0.0,-1.0801899569569124,-0.03308599052889114,-0.7619769952587401,2.1696559311282586,0.4939354618560734,0.19401224284705304,0.23721556189744392,670.2574871479808
0.18100000000000005,-183.80001831054688,80.19747924804688,-1.570604579196411,0.03288479894399643,0.0,-1.0801244812142219,-0.033220286028888935,-0.7859721359094171,2.170110847961178,0.4940009375988055,0.23721556189744392,0.309255185048654,671.5001064762388
0.2140000000000004,-183.79983520507812,80.1960678100586,-1.5705262822603625,0.03957466781139374,0.0,-1.0800706354286242,-0.03349204569628244,-0.7819182066964826,2.170551723450681,0.4940547833843776,0.309255185048654,0.418705872915361,670.6260430702678
0.2469999999999999,-183.7992706298828,80.19243621826172,-1.5695642153165714,0.12189819663763046,0.0,-1.079409009916818,-0.03397105319990252,-0.7436203432451673,2.166272096783845,0.49471640889619994,0.418705872915361,0.49046252527178485,667.5295558291285
0.28000000000000025,-183.7978515625,80.18488311767578,-1.5680179839876713,0.2345896065235138,0.0,-1.0783456472257327,-0.03428040311162397,-0.727663287050894,2.167345636858424,0.49577977158727515,0.49046252527178485,0.5852637979168398,665.7692893647205
0.3129999999999997,-183.79495239257812,80.17314910888672,-1.5664810737225867,0.3610573410987854,0.0,-1.0772886947472184,-0.03470480892824416,-0.7200066695736576,2.1596312005155154,0.4968367240629421,0.5852637979168398,0.628647937323926,663.7103166707939
0.3460000000000001,-183.79039001464844,80.1573257446289,-1.5633892768550592,0.4819454550743103,0.0,-1.0751624272373743,-0.03484156075446037,-0.7212505814397672,2.1558794233936416,0.4989629915756404,0.628647937323926,0.7132833974549685,661.4659289852443
0.37899999999999956,-183.7843475341797,80.13792419433594,-1.5591536522993428,0.5863996148109436,0.0,-1.072249535070587,-0.035158124894966815,-0.7273497462813547,2.1468530049799024,0.5018758837424211,0.7132833974549685,0.8658945736606043,658.4026709791056
0.4119999999999999,-183.77490234375,80.11245727539062,-1.5521970760578923,0.7814933061599731,0.0,-1.0674654102798213,-0.03611188821486675,-0.6785516923544314,2.130728559308769,0.506660008533169,0.8658945736606043,0.9983202758525279,649.6503793923187
0.4450000000000003,-183.76304626464844,80.08477783203125,-1.5433208933027125,0.8374041318893433,0.0,-1.0613611479972636,-0.03649564206689859,-0.7437050337866712,2.1119581594741934,0.5127642708157354,0.9983202758525279,1.1367878615412128,644.6355680856739
0.47799999999999976,-183.74940490722656,80.05696868896484,-1.5334472235612437,0.8495509028434753,0.0,-1.0545709013951294,-0.03731070012015957,-0.7606502263035558,2.0957830130827455,0.5195545174150067,1.1367878615412128,1.22,638.1229940983877
0.5110000000000001,-183.7333526611328,80.02960968017578,-1.522009878785735,0.853402853012085,0.0,-1.0467052958469556,-0.03788485764144961,-0.7590789643085627,2.0710892481127523,0.5274201229660189,1.22,1.22,630.9062216440957
0.5439999999999996,-183.7147674560547,80.00209045410156,-1.5087926102956717,0.8799726963043213,0.0,-1.0376156144210913,-0.03765300036056026,-0.7411113835017177,2.042771121993179,0.5365098043919052,1.22,1.22,622.3033936213632
0.577,-183.693603515625,79.9737548828125,-1.4939968862275186,0.9257057905197144,0.0,-1.0274404092835392,-0.03736669351918859,-0.7241318960060628,2.0113013707644645,0.5466850095294635,1.22,1.22,612.5826624300424
0.6100000000000003,-183.67027282714844,79.9442138671875,-1.477881565839231,0.9690437316894531,0.0,-1.016357701194845,-0.03695550957247028,-0.7172718123347461,1.9774886779459158,0.5577677176181677,1.22,1.22,602.4101822923901
0.6429999999999998,-183.6454315185547,79.91374969482422,-1.461196994767939,1.0166842937469482,0.0,-1.0048835122669852,-0.03655875889987795,-0.706778216355222,1.9424320634710106,0.5692419065460217,1.22,1.22,591.5401410479806
0.6760000000000002,-183.6188201904297,79.88251495361328,-1.4436444994973905,1.0520657300949097,0.0,-0.9928124409742883,-0.036069702480526426,-0.7041315315747145,1.9056277503682921,0.5813129778387376,1.22,1.22,580.2299121644274
0.7089999999999996,-183.59083557128906,79.85074615478516,-1.4256111704920278,1.0885331630706787,0.0,-0.9804106942873858,-0.03562566043354311,-0.6945718687581294,1.8676654187164814,0.5937147245256154,1.22,1.22,568.2352852356249
0.742,-183.5614013671875,79.81861877441406,-1.4070521334874837,1.1165263652801514,0.0,-0.967647411611472,-0.03512772055046275,-0.6895294656390055,1.828394874250942,0.606478007201535,1.22,1.22,555.9181797413231
0.7750000000000004,-183.5307159423828,79.78639221191406,-1.3881174576111837,1.1388828754425049,0.0,-0.9546257973689413,-0.03463254960876754,-0.6828804737244151,1.7880100550286395,0.6194996214440582,1.22,1.22,543.1577168773638
0.8079999999999998,-183.49891662597656,79.75421142578125,-1.368883975060577,1.1578439474105835,0.0,-0.9413986900262732,-0.03413951336154344,-0.6749614515462492,1.7407628000122803,0.632726728786718,1.22,1.22,530.051276629299
0.8410000000000002,-183.46603393554688,79.7221908569336,-1.3493950953614315,1.1741535663604736,0.0,-0.9279959428591562,-0.0336432991857213,-0.6665427382057707,1.6983465473928647,0.6461294759538658,1.22,1.22,516.6331806199718
0.8739999999999997,-183.43212890625,79.69041442871094,-1.3296798469696296,1.1882481575012207,0.0,-0.9144375191010259,-0.033143316179612275,-0.6577926279144413,1.655043070614814,0.6596878997119768,1.22,1.22,502.95779835170737
0.907,-183.39724731445312,79.65899658203125,-1.30980414312215,1.199112057685852,0.0,-0.900768748112207,-0.03263500452438386,-0.6494701214687594,1.6109097461823194,0.6733566707007963,1.22,1.22,489.1163376308445
0.9400000000000004,-183.36143493652344,79.62801361083984,-1.2897746417217186,1.2086261510849,0.0,-0.8869942086159642,-0.03213089684816901,-0.6401302741613354,1.5659711283834366,0.6871312101970295,1.22,1.22,475.0881212775302
0.9729999999999999,-183.3247833251953,79.59751892089844,-1.2695982669871695,1.2172091007232666,0.0,-0.8731186624844937,-0.03162492239160194,-0.6305076586744014,1.520298597498681,0.701006756328515,1.22,1.22,460.93666184447034
1.0060000000000002,-183.28721618652344,79.56755065917969,-1.249283674192045,1.2249860763549805,0.0,-0.8591480620580397,-0.03111604341600943,-0.6207533492801656,1.4738439455223957,0.7149773567549671,1.22,1.22,446.68963736469146
1.0389999999999997,-183.2488250732422,79.53816223144531,-1.2288408501904333,1.2320597171783447,0.0,-0.8450892754215,-0.030604412204096352,-0.6108836046835345,1.4226484480223758,0.7289252828389396,1.22,1.22,432.3526740074426
1.072,-183.20957946777344,79.50938415527344,-1.2082780507817135,1.2385640144348145,0.0,-0.8309479801917234,-0.030090368023883318,-0.6008868767626219,1.3747013684946712,0.7430665780658758,1.22,1.22,418.0133275085221
1.1050000000000004,-183.16954040527344,79.48126983642578,-1.1876016675525016,1.2445980310440063,0.0,-0.8167285719430442,-0.029573920772939973,-0.5907838254716549,1.3329111570197854,0.7572859863174148,1.22,1.22,403.6575722414537
1.138,-183.12872314453125,79.45384216308594,-1.1668220868310495,1.2501546144485474,0.0,-0.802438193483756,-0.02905487537550077,-0.5806327517132542,1.2837396518276047,0.7715763647766778,1.22,1.22,389.31832726818146
1.1710000000000003,-183.08714294433594,79.42713165283203,-1.1459450344137003,1.2552999258041382,0.0,-0.788080782515867,-0.028533687309542664,-0.5703998615290548,1.2339391228727743,0.7859337757445797,1.22,1.22,375.05232907642744
1.2039999999999997,-183.0447998046875,79.40117645263672,-1.1249730403034899,1.2602055072784424,0.0,-0.7736580789542176,-0.028010869453191697,-0.5600337294145928,1.1906510232765288,0.8003564793033489,1.22,1.22,360.85306928878856
1.237,-183.0017547607422,79.37602233886719,-1.1039130287192522,1.2648239135742188,0.0,-0.7591748446710038,-0.027485659105057448,-0.5496473112117379,1.139735176166129,0.8148397135894445,1.22,1.22,346.7756375933025
1.2699999999999996,-182.95803833007812,79.35166931152344,-1.082771457826631,1.2692304849624634,0.0,-0.7446355210277925,-0.026958741187789067,-0.5391824432191932,1.0956203205894413,0.8293790372326577,1.22,1.22,332.84972261109294
1.303,-182.9136505126953,79.32815551757812,-1.0615535207897515,1.2734464406967163,0.0,-0.7300436794287306,-0.02643001383725367,-0.5286687825277493,1.0437272716865136,0.8439708788317097,1.22,1.22,319.09229426201404
1.3360000000000003,-182.8686065673828,79.3055191040039,-1.040262613139004,1.277496099472046,0.0,-0.7154016550226833,-0.025899574769287274,-0.5181064771818372,0.998836710622586,0.858612903237745,1.22,1.22,305.52814693470015
1.3689999999999998,-182.8229522705078,79.28376007080078,-1.0189010651403423,1.2814172506332397,0.0,-0.7007110503627932,-0.02536753947585711,-0.5074899569895742,0.953662230489379,0.8733035078976474,1.22,1.22,292.199338242324
1.4020000000000001,-182.77667236328125,79.2629165649414,-0.997473337588592,1.2851777076721191,0.0,-0.6859749331936484,-0.024833720177958003,-0.4968564402748563,0.9081884723614121,0.8880396250667832,1.22,1.22,279.1237176803034
1.4349999999999996,-182.72984313964844,79.24301147460938,-0.9759816275916525,1.2888004779815674,0.0,-0.6711948144939257,-0.02429840719434185,-0.48617942864110214,0.8624675140392531,0.9028197437665293,1.22,1.22,266.330894481866
1.468,-182.68243408203125,79.22405242919922,-0.954429397258941,1.2923041582107544,0.0,-0.6563730751997237,-0.023761667832201502,-0.475462858514877,0.8164960085350784,0.9176414830607182,1.22,1.22,253.84861092229846
1.5010000000000003,-182.634521484375,79.20606231689453,-0.9328179781710025,1.2957106828689575,0.0,-0.6415106310556947,-0.023223549473150286,-0.4647057267563997,0.7703229364912249,0.9325039272047606,1.22,1.22,241.6890634191524
1.5339999999999998,-182.58609008789062,79.18907165527344,-0.9111502332260089,1.299038052558899,0.0,-0.6266094509128429,-0.0226841065515692,-0.4539114317680337,0.7239351752709988,0.9474051073475964,1.22,1.22,229.90560138524006
1.5670000000000002,-182.5371856689453,79.17308044433594,-0.8894268947932598,1.3022980690002441,0.0,-0.6116700384307279,-0.022143330822706895,-0.44308343917595727,0.6855434890086477,0.9623445198297098,1.22,1.22,218.4893256078138
1.5999999999999996,-182.48782348632812,79.15812683105469,-0.8676482291888643,1.3054530620574951,0.0,-0.5966925767582798,-0.02160101768970507,-0.43224661806580666,0.6388989842607617,0.9773219815021736,1.22,1.22,207.49683138389173
1.633,-182.43800354003906,79.14421081542969,-0.8458185640495938,1.3085051774978638,0.0,-0.5816800420656212,-0.021057444822755175,-0.42138322430461256,0.600433166823961,0.9923345161948145,1.22,1.22,196.91727901902266
1.6660000000000004,-182.38780212402344,79.13134002685547,-0.8239407622736201,1.3114734888076782,0.0,-0.5666344032037558,-0.020512755726151567,-0.41048622548190283,0.5620321347956123,1.0073801550566932,1.22,1.22,186.80262968964402
1.6989999999999998,-182.3372039794922,79.11955261230469,-0.8020165549156517,1.3143086433410645,0.0,-0.5515568506407327,-0.019966701320130124,-0.39959070019113274,0.5236686600002094,1.0224577076168648,1.22,1.22,177.15368390059325
1.7320000000000002,-182.28623962402344,79.10884857177734,-0.7800438114468168,1.3170217275619507,0.0,-0.5364459191851072,-0.019419486644274737,-0.3886653636129653,0.4768010424232287,1.0375686390753334,1.22,1.22,167.98976398460448
1.7649999999999997,-182.23497009277344,79.09925079345703,-0.7580310539826033,1.3196766376495361,0.0,-0.5213074696026584,-0.018871549207456206,-0.3776880719475089,0.44716422124249544,1.0527070886577814,1.22,1.22,159.34362023729537
1.798,-182.1833953857422,79.09075164794922,-0.7359756193619214,1.3222399950027466,0.0,-0.5061396704040805,-0.01832240742852874,-0.36670613100435545,0.40906704311857384,1.0678748878563598,1.22,1.22,151.23627811415804
1.8310000000000004,-182.1315460205078,79.08338928222656,-0.7138785062701796,1.3246581554412842,0.0,-0.4909432083978629,-0.017771999630252028,-0.355730172915821,0.37107157133147683,1.0830713498625686,1.22,1.22,143.6699009924792
1.8639999999999999,-182.07945251464844,79.0771484375,-0.6917435762909587,1.3269984722137451,0.0,-0.47572073924349956,-0.017220938496377788,-0.3447016297592489,0.33321790173823457,1.0982938190169396,1.22,1.22,136.66898666244072
1.8970000000000002,-182.0271453857422,79.07206726074219,-0.6695720278467493,1.3292750120162964,0.0,-0.46047308711117835,-0.01666902633428155,-0.333647744022099,0.3044247214170915,1.1135414711492535,1.22,1.22,130.24856481584598
1.9299999999999997,-181.97467041015625,79.06812286376953,-0.6473656585712871,1.331445574760437,0.0,-0.4452014882561806,-0.01611606763575503,-0.32259754791357326,0.2669524235020833,1.1288130700042673,1.22,1.22,124.43034368122777
1.963,-181.92201232910156,79.06535339355469,-0.6251259332031717,1.3335156440734863,0.0,-0.42990694999762485,-0.015562302432649265,-0.3115279319450612,0.23868786819078808,1.1441076082628152,1.22,1.22,119.19226538151369
1.9960000000000004,-181.86923217773438,79.06373596191406,-0.602854715955166,1.3354978561401367,0.0,-0.4145907543780252,-0.015007807645820017,-0.3004362519442578,0.2107528064448091,1.1594238038824152,1.22,1.22,114.59806053017088
2.029,-181.8163604736328,79.06330108642578,-0.5805517405111612,1.3373472690582275,0.0,-0.3992527182484509,-0.014452330816215718,-0.2893511637965352,0.18313328448270977,1.174761840011998,1.22,1.22,110.61180622640764
2.0620000000000003,-181.763427734375,79.06404113769531,-0.558220668717656,1.3390742540359497,0.0,-0.383895359906698,-0.013896199215034868,-0.2782468418699669,0.15585028131079734,1.190119198353747,1.22,1.22,107.27209579905025
2.0949999999999998,-181.71044921875,79.06596374511719,-0.5358633647874135,1.340689778327942,0.0,-0.36851996139528054,-0.013339461769731093,-0.26712392024771064,0.1289035183411367,1.2054945968651598,1.22,1.22,104.58843041449012
2.128,-181.657470703125,79.06907653808594,-0.5134809272743834,1.3422080278396606,0.0,-0.3531272782035375,-0.012782159555125178,-0.25598133888133234,0.11165016644426122,1.220887280056906,1.22,1.22,102.5228946837266
2.1609999999999996,-181.60450744628906,79.07337951660156,-0.49107558657597866,1.3435885906219482,0.0,-0.3377188442037624,-0.012224114955991844,-0.24484751189684553,0.08545184686035838,1.2362957140566788,1.22,1.22,101.10966466445353
2.194,-181.5516357421875,79.07886505126953,-0.4686494732210713,1.3448363542556763,0.0,-0.32229612458740037,-0.01166557438997729,-0.23370085479367164,0.06908177516007921,1.251718433673041,1.22,1.22,100.39336506801732
2.2270000000000003,-181.4988250732422,79.0855484008789,-0.4462053835288059,1.3459727764129639,0.0,-0.3068610424182225,-0.011106678177942355,-0.22253448068575915,0.043664325632706336,1.2671535158422218,1.22,1.22,100.29110116226911
2.26,-181.44615173339844,79.09341430664062,-0.42374421631605036,1.347007393836975,0.0,-0.2914142158238696,-0.010547397785832208,-0.21135479944601956,0.028173740494807073,1.2826003424365728,1.22,1.22,100.8739104170605
2.293,-181.39361572265625,79.10246276855469,-0.4012677026375132,1.347955346107483,0.0,-0.27595683527239073,-0.009987800204839607,-0.2001598751835027,0.013151648112622441,1.2980577229880517,1.22,1.22,102.0946728437859
2.3259999999999996,-181.34127807617188,79.1126937866211,-0.3787774736793622,1.3487756252288818,0.0,-0.26049002255098574,-0.009427686294424321,-0.18897859727898164,-0.001395898884026491,1.313524535709452,1.22,1.22,103.95296018170073
2.359,-181.28915405273438,79.12410736083984,-0.3562749276011695,1.3494799137115479,0.0,-0.24501473919154038,-0.00886731580669486,-0.17778531955925175,-0.015476996684070075,1.3289998190660466,1.22,1.22,106.51768955705738
2.3920000000000003,-181.23727416992188,79.1366958618164,-0.3337622615108346,1.3500803709030151,0.0,-0.22953249617273205,-0.008306745442741896,-0.16658090215968366,-0.019392547766476684,1.3444820620877103,1.22,1.22,109.57798331644979
2.425,-181.18569946289062,79.15045928955078,-0.3112406072518206,1.350535273551941,0.0,-0.2140440718775158,-0.007745773308563447,-0.15539285230144742,-0.03250202790908164,1.3599704863829274,1.22,1.22,113.43441492294856
2.458,-181.13438415527344,79.1653823852539,-0.28871359338111285,1.3508540391921997,0.0,-0.19855196171007122,-0.007184708033113718,-0.14419741387042703,-0.035392499494427646,1.3754625965503724,1.22,1.22,117.77264885201217
2.4909999999999997,-181.0834503173828,79.18145751953125,-0.2661816360176316,1.3510562181472778,0.0,-0.18305645184060224,-0.006623603232181146,-0.13298972853127675,-0.04753972096951609,1.3909581064198377,1.22,1.22,122.7528932576485
2.524,-181.0328826904297,79.19868469238281,-0.24364711536160122,1.3511511087417603,0.0,-0.16755917916267626,-0.006062474354906945,-0.1217761123835594,-0.04941699165211741,1.4064553790977605,1.22,1.205152712427093,128.23711651781457
2.5570000000000004,-180.9824981689453,79.21675872802734,-0.22128396912171738,1.359749674797058,0.0,-0.15217976282159373,-0.005516656985883416,-0.10634270153320977,-0.05057625334132002,1.4218347954388504,1.205152712427093,1.0840575230646818,134.53009801858664
2.59,-180.9309539794922,79.23368835449219,-0.20035471874700267,1.4222604036331177,0.0,-0.1377864546633063,-0.005017086121271953,-0.06892199495547155,-0.05947011060903391,1.4362281035971343,1.0840575230646818,0.9735367722827591,141.60351496810807
2.623,-180.87786865234375,79.24849700927734,-0.18158419346239257,1.4887630939483643,0.0,-0.12487772884287657,-0.00444067405125717,-0.057540751573572996,-0.0557972127891676,1.4491368294175722,0.9735367722827591,0.8980619271182528,148.41378438945964
2.6559999999999997,-180.82382202148438,79.2616195678711,-0.16471891026638194,1.5311745405197144,0.0,-0.11327926191879416,-0.003909997754035444,-0.06115373184751592,-0.05973517403584373,1.4607352963416522,0.8980619271182528,0.8577600377753586,154.64379023821184
2.689,-180.76968383789062,79.27399444580078,-0.14908765269573,1.5461785793304443,0.0,-0.10252944990508876,-0.0034545378988371546,-0.0670418069425,-0.05227337319870844,1.4714851083553508,0.8577600377753586,0.7148035681125797,162.13199461675435
2.7220000000000004,-180.71527099609375,79.28440856933594,-0.13544208964573315,1.5759917497634888,0.0,-0.09314522493498531,-0.0030926428082013735,-0.05281445960634436,-0.05246601707539785,1.4808693333254555,0.7148035681125797,0.6527837239569662,169.89665239768277
2.755,-180.66091918945312,79.29310607910156,-0.12368211954891806,1.5839321613311768,0.0,-0.0850577459041931,-0.0027633896362656675,-0.057870853990615034,-0.050800409061544746,1.488956812356247,0.6527837239569662,0.6090365960111219,177.97937101021364
2.7880000000000003,-180.60708618164062,79.30101013183594,-0.1130539429811162,1.5756012201309204,0.0,-0.07774861548804238,-0.0024869210761932067,-0.06069244209068628,-0.05791489052141412,1.4962659427723848,0.6090365960111219,0.5575881369563049,186.37007468974548
2.8209999999999997,-180.55398559570312,79.30812072753906,-0.10346919292840741,1.5633416175842285,0.0,-0.07115706258199711,-0.002255747131275466,-0.05786439773754965,-0.05404202315547509,1.502857495675582,0.5575881369563049,0.48527732374195126,195.4951804151194
2.854,-180.50152587890625,79.31404876708984,-0.09515479568280162,1.5521388053894043,0.0,-0.065439147245144,-0.0020580824477314354,-0.05317880393881292,-0.04897561877792998,1.5085754110152898,0.48527732374195126,0.3976068705411572,204.8800345119723
2.8869999999999996,-180.4496612548828,79.3184814453125,-0.08832590969324203,1.5409908294677734,0.0,-0.06074283664319858,-0.0018921017223248757,-0.04973694280743644,-0.052619972625888904,1.5132717216172509,0.3976068705411572,0.39464026887986126,214.61372472392273
2.92,-180.39865112304688,79.32279968261719,-0.08196894417122289,1.5172966718673706,0.0,-0.0563710716696871,-0.0017431038215028013,-0.05283155088581286,-0.04598576921442321,1.5176434865907513,0.39464026887986126,0.3212258991671867,224.3695823341172
2.9530000000000003,-180.3483123779297,79.32599639892578,-0.07664845597832737,1.5022000074386597,0.0,-0.05271210516387316,-0.001625358853269669,-0.04587256020351915,-0.04839209599913104,1.5213024530965704,0.3212258991671867,0.29784707302804386,234.93032592138732
2.9859999999999998,-180.29869079589844,79.32878112792969,-0.07191176598589084,1.4836018085479736,0.0,-0.049454624007558956,-0.001518639516606098,-0.04525498243828844,-0.05040180169566684,1.5245599342528964,0.29784707302804386,0.2337353131078655,245.46262738661247
3.019,-180.24960327148438,79.3305435180664,-0.06810290883367032,1.4701873064041138,0.0,-0.046835225140362105,-0.0014327958308287638,-0.04075870548876509,-0.05173763104917288,1.5271793331200794,0.2337353131078655,0.18097845386345102,256.5007797185942
3.0519999999999996,-180.2010040283203,79.33137512207031,-0.06516701924202094,1.457755208015442,0.0,-0.04481617702087616,-0.001364796493132482,-0.038799558815346406,-0.04260611156495317,1.529198381239559,0.18097845386345102,0.13745908243249605,267.62771278626093
3.085000000000001,-180.15286254882812,79.33142852783203,-0.06295553859519755,1.4462915658950806,0.0,-0.04329531402454672,-0.0013135743658578983,-0.03720959035777944,-0.04301304962952922,1.5307192442359012,0.13745908243249605,0.15919671357972712,279.0572606480798
3.1180000000000003,-180.1051483154297,79.33183288574219,-0.060614624158207106,1.4330694675445557,0.0,-0.04168543778624181,-0.0012664055592234078,-0.036918361254366004,-0.043496613276127395,1.5323291204742189,0.15919671357972712,0.152503258882208,290.87676921509416
3.151,-180.05776977539062,79.33220672607422,-0.05833017705870474,1.4233955144882202,0.0,-0.04011439484462896,-0.0012190311621001215,-0.0340020650575201,-0.04383241900381391,1.5339001634158125,0.152503258882208,0.15487722395550865,303.18653041041665
3.1839999999999993,-180.0106658935547,79.33267211914062,-0.05604250919875907,1.4154495000839233,0.0,-0.03854113694563664,-0.001171948079544917,-0.03199426180152797,-0.044097375866030346,1.5354734213148102,0.15487722395550865,0.13149622610143089,315.8885536275009
3.2170000000000005,-179.96372985839844,79.33281707763672,-0.054049923748783375,1.4109374284744263,0.0,-0.03717081092345532,-0.0011287408197079474,-0.029280997679140223,-0.04416676439819068,1.536843747336989,0.13149622610143089,0.12160278689459941,328.8411335888374
3.25,-179.9169158935547,79.33283233642578,-0.05224057210418354,1.4075450897216797,0.0,-0.03592649708893344,-0.0010901438425587884,-0.027816455428465062,-0.044152705664121446,1.5380880611715124,0.12160278689459941,0.13777066765077195,342.21264138536856
3.2829999999999995,-179.8701934814453,79.33317565917969,-0.050260790633386246,1.404034972190857,0.0,-0.03456497652393129,-0.0010504832922255715,-0.0268854540821045,-0.04417473253699452,1.5394495817365215,0.13777066765077195,0.10884065181718283,355.93073804564835
3.3160000000000007,-179.82351684570312,79.33311462402344,-0.04860695095169022,1.4038982391357422,0.0,-0.03342761021807385,-0.0010137427236104847,-0.024371842003402484,-0.04400353339794875,1.5405869480423569,0.10884065181718283,0.11548923783685526,370.2542579333323
3.349,-179.77685546875,79.33319854736328,-0.046933953154902446,1.403254508972168,0.0,-0.032277068636021096,-0.000979423741657952,-0.023788841659238332,-0.04384996783573825,1.5417374896244036,0.11548923783685526,0.11719748765999187,384.81904890675554
3.3819999999999997,-179.73019409179688,79.33338165283203,-0.04522900574741213,1.4032763242721558,0.0,-0.031104554905699976,-0.0009441876949655422,-0.022603595223712167,-0.04365282612955733,1.5429100033547307,0.11719748765999187,0.04858968683848311,399.89238186393123
3.414999999999999,-179.6834716796875,79.33242797851562,-0.04438318162401376,1.4061124324798584,0.0,-0.03052287104040043,-0.0009199476346495463,-0.02077353670815556,-0.04318981858393183,1.5434916872200413,0.04858968683848311,0.0787096351934645,415.38993243879986
3.4480000000000004,-179.63674926757812,79.33194732666016,-0.04331418876245595,1.406655192375183,0.0,-0.029787711232956985,-0.0009005283309435361,-0.02138571443356562,-0.042884023852699155,1.5442268470274856,0.0787096351934645,0.057173524002760684,431.1417543601685
3.481,-179.58999633789062,79.3311538696289,-0.04245930573016211,1.4085073471069336,0.0,-0.029199797442314865,-0.0008808342530828701,-0.02030357549920581,-0.04245523676702218,1.544814760818113,0.057173524002760684,0.08207395448707461,447.41577576012435
3.5139999999999993,-179.54319763183594,79.33080291748047,-0.04133119901478295,1.4090008735656738,0.0,-0.028423984295681468,-0.0008596145460506745,-0.02041883627802136,-0.04207769481082767,1.5455905739647626,0.08207395448707461,0.06189608893977656,464.1263938615692
3.5470000000000006,-179.49636840820312,79.33016967773438,-0.04040441479424617,1.4108662605285645,0.0,-0.02778662315547838,-0.0008386684159667493,-0.01926951391567777,-0.04160128693301847,1.5462279351049641,0.06189608893977656,0.051765130998544524,481.3204360278273
3.58,-179.44949340820312,79.32937622070312,-0.03965020757353573,1.4125323295593262,0.0,-0.027267945384008563,-0.0008220462948689568,-0.018992069271387007,-0.041130491478233,1.546746612876433,0.051765130998544524,0.02837746653830651,498.8638613983151
3.6129999999999995,-179.40257263183594,79.32817077636719,-0.03922517538593749,1.4143322706222534,0.0,-0.02697564541416906,-0.0008110899287662402,-0.018712617161505123,-0.050586346231064415,1.5470389128462756,0.02837746653830651,0.04374061000684065,516.836869512372
3.646000000000001,-179.35560607910156,79.32721710205078,-0.03865472211925331,1.4153666496276855,0.0,-0.02658333754311379,-0.0008006206820231075,-0.01881017155691059,-0.050121840681555105,1.5474312207173204,0.04374061000684065,0.030536899008480528,535.2414859964814
3.6790000000000003,-179.30859375,79.32606506347656,-0.038221683803628025,1.4168379306793213,0.0,-0.026285531658548012,-0.0007905149327207012,-0.01837520137599614,-0.049615223996961375,1.5477290266019317,0.030536899008480528,0.08246098513158803,554.2616050979532
3.7119999999999997,-179.2615509033203,79.32585144042969,-0.03714097719446307,1.4161065816879272,0.0,-0.025542316159860037,-0.0007722799694666741,-0.018936163092928556,-0.049094285306446585,1.5484722421006207,0.08246098513158803,0.0807682768369852,573.5649645652412
3.744999999999999,-179.2145233154297,79.32572174072266,-0.03595320734828773,1.4165117740631104,0.0,-0.024725471929367318,-0.0007476502055773126,-0.017774007486552314,-0.04843052132059683,1.5492890863310906,0.0807682768369852,0.08323963237119437,593.5668502454225
3.7780000000000005,-179.16757202148438,79.32568359375,-0.034687136404874856,1.40839684009552,0.0,-0.023854779051575056,-0.0007199219923459558,-0.021401035186232594,-0.04766269946842498,1.5501597792088333,0.08323963237119437,0.05024237651202242,613.4127863211603
3.811,-179.12081909179688,79.3251724243164,-0.03380083847469109,1.4013224840164185,0.0,-0.0232452608413768,-0.0006996923493803054,-0.020437597276896327,-0.04691493783529635,1.5507692974190803,0.05024237651202242,0.06051112244151387,634.2041650069398
3.8439999999999994,-179.07427978515625,79.32481384277344,-0.03287991736974169,1.3958665132522583,0.0,-0.022611931839349036,-0.0006814253762402235,-0.019167944066950923,-0.04620395840229165,1.551402626421135,0.06051112244151387,0.06389322096638983,655.2245693790871
3.8770000000000007,-179.02783203125,79.3245849609375,-0.03189987824978173,1.392699122428894,0.0,-0.02193794663642928,-0.0006616234955251495,-0.017533634536572994,-0.04546771357891211,1.5520766116239981,0.06389322096638983,0.1118211284877994,676.7924034456101
3.91,-178.98146057128906,79.32520294189453,-0.030336070057687205,1.3896949291229248,0.0,-0.020862496115924067,-0.0006321545554679538,-0.016670131681828224,-0.04456746473256784,1.5531520621445107,0.1118211284877994,0.12000970683600232,698.6074204531442
3.9429999999999996,-178.93511962890625,79.32613372802734,-0.028539497425130546,1.3894490003585815,0.0,-0.019626970568369134,-0.0005958944065994194,-0.014392713094736904,-0.04349482305211197,1.5543875876920676,0.12000970683600232,0.10387552757244507,721.3080678209392
3.976000000000001,-178.88868713378906,79.32691192626953,-0.02689632911314626,1.3916327953338623,0.0,-0.018496943097395028,-0.0005611752490025817,-0.012356267068932749,-0.04241529243866671,1.5555176151630272,0.10387552757244507,0.11511149510202541,744.2108165867552
4.009,-178.84217834472656,79.32794189453125,-0.025155687024670467,1.3937952518463135,0.0,-0.01729988168696892,-0.0005255824431501266,-0.011496615256109647,-0.0313671190348524,1.5567146765734616,0.11511149510202541,0.12451822357276894,767.6256177518338
4.042,-178.7955780029297,79.32923889160156,-0.023271768950143018,1.3963940143585205,0.0,-0.01600428758272902,-0.0004869299424203007,-0.010336503218967993,-0.030174667540724745,1.5580102706777108,0.12451822357276894,0.10799959595801892,791.4583473884995
4.074999999999999,-178.74884033203125,79.33037567138672,-0.02155136480535723,1.4003431797027588,0.0,-0.014821144060177783,-0.00045040986692225445,-0.008801099730559474,-0.028994586295382388,1.559193414200223,0.10799959595801892,0.08863298821997391,815.8454526367514
4.1080000000000005,-178.70201110839844,79.33126068115234,-0.020102607252948722,1.4045683145523071,0.0,-0.01382481530854441,-0.00041919629489061517,-0.007938736201700191,-0.0279460826541676,1.5601897429519234,0.08863298821997391,0.04758802598000702,840.6532469327708
4.141,-178.65499877929688,79.33146667480469,-0.01921151147161361,1.4089521169662476,0.0,-0.013211997555893244,-0.0003984966367356698,-0.00741385452883659,-0.027157069919563778,1.5608025607045342,0.04758802598000702,0.038348053936004545,865.7524164276858
4.1739999999999995,-178.6078643798828,79.33145141601562,-0.018556375924048716,1.412436604499817,0.0,-0.01276145261745904,-0.00038436808323686597,-0.00753594419523969,-0.02653395683688689,1.5612531056430239,0.038348053936004545,0.05085280551443549,891.3949568533158
4.207000000000001,-178.56068420410156,79.33165740966797,-0.017784057127331138,1.4151499271392822,0.0,-0.012230319287857151,-0.0003688942831373191,-0.007535367243932903,-0.02586625360280779,1.561784238972586,0.05085280551443549,-0.0019330338796388208,917.4372115126139
4.24,-178.51341247558594,79.33097839355469,-0.017640776980090273,1.4179463386535645,0.0,-0.012131783732341311,-0.00036350463049988283,-0.007422182732904023,-0.025486982405010704,1.5618827745280877,-0.0019330338796388208,-0.010960314906695894,943.9258938451215
4.273,-178.46609497070312,79.33003234863281,-0.01776647610294741,1.4202145338058472,0.0,-0.01221822859673526,-0.00036569005409869227,-0.007749140475332348,-0.02536340397394697,1.5617963296636947,-0.010960314906695894,-0.028956666072054132,970.8173584319038
4.305999999999999,-178.41873168945312,79.3287124633789,-0.018161695450498973,1.4220008850097656,0.0,-0.012490025902304283,-0.00037302975846665486,-0.008187672123290258,-0.025416075995686176,1.561524532358118,-0.028956666072054132,-0.02611030473413829,998.1678001748563
4.339,-178.3712615966797,79.32735443115234,-0.01858034229326483,1.4236665964126587,0.0,-0.01277793459036236,-0.00038176882953714334,-0.008457315445185881,-0.025505536498463405,1.5612366236700863,-0.02611030473413829,-0.04428009554064123,1025.947903886367
4.372,-178.32382202148438,79.32564544677734,-0.01922642309312345,1.4248231649398804,0.0,-0.013222252465156032,-0.0003942427921936325,-0.009034927282950885,-0.025742651786699957,1.5607923057952915,-0.04428009554064123,-0.037852928942805,1054.1490214256685
4.404999999999999,-178.2763214111328,79.32395935058594,-0.0198464090754885,1.4260833263397217,0.0,-0.01364862460645258,-0.00040725484834660614,-0.009293123837823596,-0.03594051963665851,1.5603659336539888,-0.037852928942805,-0.04214548122247541,1082.8323409215513
4.438000000000001,-178.2288055419922,79.32217407226562,-0.02050793620966958,1.4271074533462524,0.0,-0.014103565119221275,-0.0004206450313665638,-0.00974190460156941,-0.036218927931995264,1.5599109931412336,-0.04214548122247541,-0.02779346243482647,1112.0691460917199
4.471,-178.18124389648438,79.3205795288086,-0.021001688356364873,1.4282598495483398,0.0,-0.014443124667411643,-0.00043147899458759507,-0.009924646077138735,-0.03636760237368794,1.55957143359303,-0.02779346243482647,-0.007399611967439549,1141.657409054107
4.504,-178.13365173339844,79.31935119628906,-0.021196097035346056,1.4292222261428833,0.0,-0.01457682195590136,-0.000436503083000664,-0.0101168602204013,-0.03625531888672187,1.5594377363045409,-0.007399611967439549,0.02315317553498462,1171.9332455325969
4.537000000000001,-178.0860137939453,79.31869506835938,-0.020937241938579557,1.429743766784668,0.0,-0.014398804057056559,-0.00043265537169052227,-0.010207850648397444,-0.03571452995718413,1.5596157542033815,0.02315317553498462,0.0051039160275129156,1202.6622749938115
4.57,-178.03836059570312,79.31780242919922,-0.020809940757879168,1.4305202960968018,0.0,-0.014311257437376945,-0.00042916109531720677,-0.01001670572287269,-0.03521913491367052,1.5597033008230694,0.0051039160275129156,-0.021855776621339692,1233.9611485667835
4.603,-177.9906768798828,79.31641387939453,-0.021070397912488915,1.4310991764068604,0.0,-0.01449037709150741,-0.00043321621802595465,-0.01024575880121516,-0.035112899361589726,1.5595241811689577,-0.021855776621339692,-0.02787861758029987,1265.5286722693745
4.635999999999999,-177.94300842285156,79.31484985351562,-0.02149170791634485,1.4317066669464111,0.0,-0.01478011726887152,-0.00044157797005229236,-0.010442108688397034,-0.035223755437025696,1.5592344409915482,-0.02787861758029987,-0.05619484267975453,1297.6545801271343
4.6690000000000005,-177.8953094482422,79.31275177001953,-0.022294921462301952,1.4318586587905884,0.0,-0.015332497305274471,-0.00045667869628958954,-0.011071464809062353,-0.045682846440376464,1.5586820609551602,-0.05619484267975453,-0.05062773771186779,1330.0121755374698
4.702,-177.8476104736328,79.3106460571289,-0.023115170916857154,1.4326053857803345,0.0,-0.015896593149831974,-0.00047370531467538486,-0.01118422196355553,-0.046278218703201486,1.558117965110596,-0.05062773771186779,-0.030770160150257287,1362.9777683497116
4.734999999999999,-177.79986572265625,79.308837890625,-0.023679228435735937,1.4336403608322144,0.0,-0.016284502584850716,-0.0004863398204504163,-0.011322126691928027,-0.046602121499584384,1.5577300556756093,-0.030770160150257287,-0.06386819327384305,1396.4268221334987
4.768000000000001,-177.75210571289062,79.30646514892578,-0.024599086356843908,1.4338397979736328,0.0,-0.016917100422007086,-0.0005034427531606695,-0.012199824607712725,-0.04727652470607182,1.557097457838445,-0.06386819327384305,-0.07656839494607937,1430.104558272178
4.801,-177.70437622070312,79.30374908447266,-0.02576981197204274,1.434257984161377,0.0,-0.017722223120941166,-0.0005266214904216099,-0.0126758128921493,-0.048294647866486004,1.5562923351395241,-0.07656839494607937,-0.04417000528851289,1464.2488414172008
4.834,-177.6565704345703,79.30149841308594,-0.02658314136895294,1.4356495141983032,0.0,-0.018281559955005012,-0.0005451218487421107,-0.012595805666013335,-0.058900523854796695,1.5557329983025872,-0.04417000528851289,-0.0472356862427762,1499.1858891343513
4.867000000000001,-177.60874938964844,79.2992172241211,-0.027345868624557033,1.436576008796692,0.0,-0.018806097061403133,-0.0005606174199525647,-0.01320968701308418,-0.059450538253630364,1.5552084611962043,-0.0472356862427762,-0.05843755670495948,1534.3707958121379
4.9,-177.5609130859375,79.29669952392578,-0.028250280211342543,1.437334418296814,0.0,-0.019428072260584482,-0.0005784470837600394,-0.013745935355610236,-0.06018269165914515,1.5545864859970324,-0.05843755670495948,-0.03891348894564222,1569.963948087656
4.933,-177.5130157470703,79.29444885253906,-0.028942167381950528,1.4385594129562378,0.0,-0.019903891751442002,-0.0005938829381428606,-0.01385858636126335,-0.06068339603261605,1.554110666506154,-0.03891348894564222,-0.02260896425150805,1606.3197997136333
4.965999999999999,-177.465087890625,79.29249572753906,-0.029373601559137964,1.4396482706069946,0.0,-0.020200594449871094,-0.0006038680380296157,-0.014142371954190564,-0.060833934515902646,1.553813963807694,-0.02260896425150805,-0.011308796956825518,1643.0319217089368
4.9990000000000006,-177.41712951660156,79.29076385498047,-0.029606363919005493,1.4405797719955444,0.0,-0.020360668046069796,-0.0006094385629919071,-0.014337431265227844,-0.07064783055977988,1.5536538902143615,-0.011308796956825518,0.028180758994275162,1680.3092966160114
5.032,-177.3690948486328,79.28976440429688,-0.029293706726435588,1.4410661458969116,0.0,-0.020145649770689972,-0.0006056611110603652,-0.0144036664125342,-0.06977297492507775,1.5538689084897204,0.028180758994275162,0.03537826024499327,1718.2088702739595
5.0649999999999995,-177.321044921875,79.28899383544922,-0.028765337646758468,1.441796064376831,0.0,-0.019782283723223153,-0.0005952310151082214,-0.014017709583419517,-0.06851056316251516,1.554232274537167,0.03537826024499327,0.029871896698009406,1756.7757272249619
5.098000000000001,-177.27296447753906,79.28820037841797,-0.028272118132281192,1.442767858505249,0.0,-0.01944309047289399,-0.0005846825436140461,-0.013650162001931612,-0.06728921204716933,1.5545714677874898,0.029871896698009406,0.02513469005705662,1795.7349526610762
5.131,-177.22483825683594,79.28734588623047,-0.027851340760643276,1.443755030632019,0.0,-0.019153716593391087,-0.0005756749876392565,-0.013432084316936628,-0.06618004275111429,1.5548608416669758,0.02513469005705662,0.03221903680017281,1835.150568755395
5.164,-177.17669677734375,79.2866439819336,-0.027354392820639888,1.4445741176605225,0.0,-0.018811959258033473,-0.000565844286339208,-0.013267652896068235,-0.0649778267366784,1.5552025990024738,0.03221903680017281,0.01987607472126377,1875.1635916310886
5.196999999999999,-177.12852478027344,79.2857666015625,-0.026994333441261176,1.4455658197402954,0.0,-0.018564341903857202,-0.0005576316238988837,-0.013001315680744113,-0.06396418268835319,1.5554502163565527,0.01987607472126377,-0.02832162296972282,1915.499915477585
5.23,-177.08038330078125,79.28401947021484,-0.02728728116116989,1.446175217628479,0.0,-0.018765805727521328,-0.0005606386662183662,-0.013338941636493148,-0.0639689688783862,1.5552487525328695,-0.02832162296972282,-0.06789878703312648,1956.0923728040295
5.263,-177.03224182128906,79.28145599365234,-0.028229509635434528,1.446117639541626,0.0,-0.01941378807484841,-0.0005775275623460932,-0.014143543861143778,-0.06510000208586762,1.554600770185579,-0.06789878703312648,-0.03757872939775837,1997.1605343616484
5.295999999999999,-176.9840545654297,79.2792739868164,-0.028923527334914573,1.4473507404327393,0.0,-0.019891072757150758,-0.000593590363604419,-0.013845213221900646,-0.0758813770670081,1.55412348550332,-0.03757872939775837,-0.03508369944737093,2038.717686947198
5.329000000000001,-176.9358367919922,79.27714538574219,-0.02951101651019685,1.4483367204666138,0.0,-0.020295096436360592,-0.0006058417118974976,-0.01426251823816117,-0.07649114845774167,1.5537194618241026,-0.03508369944737093,-0.014886395101657662,2080.7116368528145
5.362,-176.8875732421875,79.27533721923828,-0.029825273680015404,1.4494247436523438,0.0,-0.020511215036175055,-0.0006136919804813798,-0.014368625247142712,-0.07662479941575857,1.553503343224273,-0.014886395101657662,-0.025467997715494836,2123.388232092276
5.395,-176.8392791748047,79.27336883544922,-0.030214634073168795,1.45029616355896,0.0,-0.020778983065270797,-0.0006209706673750042,-0.014671607083276292,-0.07685216867906412,1.5532355751952496,-0.025467997715494836,-0.05419208468072541,2166.4682004308906
5.428000000000001,-176.7909698486328,79.2708511352539,-0.03099546458240162,1.4507132768630981,0.0,-0.02131597000639691,-0.0006350123809274611,-0.015289175639131718,-0.07778091118103217,1.5526985882540565,-0.05419208468072541,-0.005065954634986922,2209.9031421541226
5.461,-176.7426300048828,79.26910400390625,-0.031236216425539386,1.4517937898635864,0.0,-0.021481538070513718,-0.0006434402621136382,-0.015077851712525552,-0.08777420912121056,1.5525330201899443,-0.005065954634986922,-0.0038098571008986877,2254.1658899392673
5.494,-176.6942596435547,79.26746368408203,-0.03132250284485795,1.4527137279510498,0.0,-0.021540878324029327,-0.0006453107182742008,-0.015201282378697285,-0.08744885888381596,1.552473679936484,-0.0038098571008986877,0.02426302191456267,2298.696306176662
5.526999999999999,-176.64581298828125,79.26634216308594,-0.03102742459607717,1.453407883644104,0.0,-0.021337949308920377,-0.0006412380319153261,-0.015166634451511486,-0.08641877740598189,1.5526766089514918,0.02426302191456267,0.04935113599773924,2344.0020895902853
5.5600000000000005,-176.59738159179688,79.2657470703125,-0.030324350068296254,1.453789472579956,0.0,-0.020854436132126484,-0.0006284271377785958,-0.014971380566222102,-0.08456466204238183,1.5531601221283626,0.04935113599773924,0.027236662802944636,2389.816459214702
5.593,-176.5489044189453,79.2648696899414,-0.029818882093399213,1.4549423456192017,0.0,-0.020506819461840565,-0.0006164952385812736,-0.014333004527076804,-0.08303332375039722,1.553507738798614,0.027236662802944636,-0.023266488415174903,2436.2237000386967
5.6259999999999994,-176.5004119873047,79.26306915283203,-0.030022351761870472,1.4557397365570068,0.0,-0.02064674810652387,-0.0006171755955396872,-0.014612480412032648,-0.08290455187542417,1.5533678101540334,-0.023266488415174903,-0.04523389029943891,2482.7498529803406
5.659000000000001,-176.45193481445312,79.26075744628906,-0.03066736521669846,1.4563146829605103,0.0,-0.02109033195474411,-0.0006289017357194227,-0.015046209406597521,-0.08376190879934828,1.5529242263056906,-0.04523389029943891,-0.04546802158581044,2529.708771358025
5.692,-176.40341186523438,79.25835418701172,-0.031398138700410805,1.4571614265441895,0.0,-0.021592894051171815,-0.000643844544925695,-0.015275697558365803,-0.0948115176549905,1.5524216642092572,-0.04546802158581044,-0.06948307214992762,2577.165116746437
5.725,-176.35491943359375,79.25546264648438,-0.0324431631121579,1.4575222730636597,0.0,-0.022311570454860926,-0.0006635490348482066,-0.01604115829634384,-0.09654934390802047,1.551702987805566,-0.06948307214992762,-0.07660517074904699,2624.9020601271905
5.757999999999999,-176.30638122558594,79.25233459472656,-0.03365223616645927,1.4582351446151733,0.0,-0.023143065168950927,-0.0006876718977445441,-0.0164696823074728,-0.09868922713723018,1.5508714930914769,-0.07660517074904699,-0.11340258060718222,2673.2445939430663
5.791,-176.25790405273438,79.24846649169922,-0.035348669780839746,1.4578028917312622,0.0,-0.024309723856896812,-0.0007196320333466202,-0.01789046133237544,-0.11181956957588533,1.5497048344034852,-0.11340258060718222,-0.08580892469090962,2721.6806141285197
5.824,-176.20936584472656,79.24490356445312,-0.03681607154147341,1.4596089124679565,0.0,-0.025318874464523466,-0.0007513429445768666,-0.017505025402389535,-0.114613447008599,1.5486956837959749,-0.08580892469090962,-0.03610257445021685,2771.0957407440087
5.856999999999999,-176.16075134277344,79.24217987060547,-0.03758519246428829,1.461678385734558,0.0,-0.025847808576107092,-0.0007714439218639796,-0.017757859598843365,-0.1158599499202905,1.5481667496843112,-0.03610257445021685,0.0009286818153561027,2820.906489150224
5.890000000000001,-176.11204528808594,79.24018859863281,-0.03771942410560669,1.4628772735595703,0.0,-0.02594012136053547,-0.0007775153350614043,-0.018260268140297242,-0.1156105993013433,1.5480744368998725,0.0009286818153561027,0.008861016540272418,2871.4531177260415
5.923,-176.06329345703125,79.2384262084961,-0.037621423938680974,1.4638274908065796,0.0,-0.025872725415775323,-0.0007761834394181491,-0.01833560334583585,-0.11475777166750298,1.548141832844708,0.008861016540272418,0.07572745330639641,2922.6557167220894
5.9559999999999995,-176.0145263671875,79.2377700805664,-0.03673458297330618,1.4632188081741333,0.0,-0.025262833753460754,-0.0007633011997837578,-0.018671632802876235,-0.12206443842902394,1.5487517245070377,0.07572745330639641,0.09933710428124579,2974.2111597031594
5.989000000000001,-175.96571350097656,79.23786926269531,-0.03524906755607078,1.4628183841705322,0.0,-0.02424122615685101,-0.0007343268518410292,-0.017824745779835928,-0.11790799272131436,1.5497733321035962,0.09933710428124579,0.11274504609742658,3026.8210017016168
6.022,-175.91693115234375,79.23836517333984,-0.03349404647830317,1.463060736656189,0.0,-0.023034276135023322,-0.0006989308009723159,-0.016625846996323215,-0.10309438819431274,1.5509802821254093,0.11274504609742658,0.09380141724380256,3080.0188820643043
6.055,-175.86805725097656,79.23869323730469,-0.0319222446417492,1.4647470712661743,0.0,-0.021953328284897954,-0.0006650585085736922,-0.015117955015881923,-0.0986346153853495,1.552061229975565,0.09380141724380256,0.1406328538003241,3133.987148864632
6.087999999999999,-175.8192138671875,79.23989868164062,-0.029818345299991996,1.4635816812515259,0.0,-0.020506450302277317,-0.0006236954734064863,-0.015491867657320217,-0.09292588159392262,1.5535081079580992,0.1406328538003241,0.12456478608852858,3187.6255944106165
6.121,-175.77032470703125,79.24104309082031,-0.027776770169526455,1.4651191234588623,0.0,-0.01910243346197102,-0.0005807540459754374,-0.013119663981095014,-0.08725423767239283,1.5549121247984274,0.12456478608852858,0.11585146338336287,3242.937657623705
6.154,-175.7213897705078,79.24213409423828,-0.025873144702932418,1.4667303562164307,0.0,-0.01779328633686644,-0.0005404593323935511,-0.01213095597268203,-0.08192557834608435,1.5562212719235706,0.11585146338336287,0.06993097869387942,3298.219439618387
6.186999999999999,-175.67239379882812,79.24251556396484,-0.02457298529756653,1.4693458080291748,0.0,-0.016899150395956897,-0.0005107574619391291,-0.010978766742411194,-0.07811202074696538,1.5571154078644245,0.06993097869387942,0.054338558192615564,3353.8510217205453
6.220000000000001,-175.6233367919922,79.24258422851562,-0.023610523040801096,1.4709442853927612,0.0,-0.01623725302245699,-0.0004897211931478212,-0.011006022838607335,-0.07522643708586775,1.5577773052379298,0.054338558192615564,0.033963536832456606,3409.8746231146783
6.253,-175.57423400878906,79.2422866821289,-0.02296976232133883,1.4722187519073486,0.0,-0.01579659383372233,-0.0004752830379515028,-0.010847647903375713,-0.07318584895179156,1.558217964426733,0.033963536832456606,0.045737314347653664,3466.284216190365
6.286,-175.52513122558594,79.24217224121094,-0.022245382504837274,1.4728107452392578,0.0,-0.015298428742480129,-0.00046085116376505905,-0.010826694586464047,-0.0709507165124199,1.5587161295179843,0.045737314347653664,0.052295250449582914,3523.254840421253
6.319000000000001,-175.4759979248047,79.24221801757812,-0.02140862145152358,1.473275065422058,0.0,-0.014722977664225194,-0.000443828764133798,-0.010472150634361644,-0.06837415765582058,1.5592915805962537,0.052295250449582914,0.04451228179907254,3580.819999671506
6.352,-175.42686462402344,79.24217224121094,-0.02064908374744378,1.473947525024414,0.0,-0.014200634052441258,-0.0004277348938444863,-0.009988312072543911,-0.0659634816715497,1.5598139242080027,0.04451228179907254,0.050783803095953664,3638.8663162288744
6.385,-175.37771606445312,79.24225616455078,-0.01983042802835342,1.4743305444717407,0.0,-0.013637634239765333,-0.0004110363117759986,-0.00972370429051338,-0.06338898663800532,1.5603769240205825,0.050783803095953664,0.03785702745796085,3697.4130577207966
6.417999999999999,-175.32855224609375,79.2421646118164,-0.019161974594743534,1.4749860763549805,0.0,-0.013177930423949926,-0.00039663615712601,-0.009253221355751894,-0.061204758145989795,1.560836627836438,0.03785702745796085,0.047652423789621784,3756.4620761619676
6.4510000000000005,-175.2793731689453,79.24224853515625,-0.018404569500130395,1.475262999534607,0.0,-0.012657053434461843,-0.00038134087470558046,-0.009063823160251965,-0.05878026950475512,1.5613575048260113,0.047652423789621784,0.02621027954513713,3816.0085159909504
6.484,-175.2301483154297,79.24199676513672,-0.017898573054204545,1.475943922996521,0.0,-0.01230907332801676,-0.0003700032821831641,-0.008608824796145241,-0.05702568071708897,1.561705484932392,0.02621027954513713,0.011213450465458692,3876.1270026191705
6.5169999999999995,-175.1809539794922,79.24143981933594,-0.017651964337263206,1.4764976501464844,0.0,-0.012139477418277688,-0.00036428366883316997,-0.008549118593649914,-0.05602986484411615,1.5618750808421762,0.011213450465458692,0.061744936753225635,3936.459645326837
6.550000000000001,-175.13172912597656,79.24177551269531,-0.016803483294558563,1.475894570350647,0.0,-0.011555966356225167,-0.00034858960174973425,-0.008703281545197982,-0.0533408771494372,1.5624585919042042,0.061744936753225635,0.06632230071710467,3997.383274849406
6.583,-175.08251953125,79.2423324584961,-0.01574780103696465,1.476059079170227,0.0,-0.010829960418184353,-0.0003269552900268734,-0.007791646108692285,-0.04992393520685987,1.5631845978422545,0.06632230071710467,0.0674665865028231,4059.1881107701897
6.616,-175.03329467773438,79.24298858642578,-0.014647916547059225,1.4765055179595947,0.0,-0.01007355605021638,-0.0003042023683640806,-0.0071007388788457745,-0.046343162421074904,1.5639410022102957,0.0674665865028231,0.07927948308981804,4121.359711858765
6.648999999999999,-174.9840850830078,79.24391174316406,-0.013390371880323809,1.4766985177993774,0.0,-0.009208726799905477,-0.00027841594466847854,-0.006598686020270547,-0.042265706754508914,1.564805831460479,0.07927948308981804,0.04842679364548536,4183.9895874656195
6.682,-174.93511962890625,79.24427795410156,-0.012523780301909324,1.4911658763885498,0.0,-0.00861276089514639,-0.00026107096861737155,0.0009717891436315206,-0.03926604971804291,1.5654017973652552,0.04842679364548536,0.055921344129793916,4249.201890251285
6.715,-174.8861846923828,79.24490356445312,-0.011621501324590479,1.5120331048965454,0.0,-0.007992252318260886,-0.00024362276835649692,0.004622863591702563,-0.02635852831760346,1.5660223059421288,0.055921344129793916,0.08506837745290043,4313.619846575326
6.747999999999999,-174.83702087402344,79.24607849121094,-0.010336258742220938,1.5290058851242065,0.0,-0.007108374863741685,-0.0002182779622319716,0.003318260742720097,-0.022178935076469914,1.5669061833967382,0.08506837745290043,0.09195559944407944,4376.929325940889
6.781000000000001,-174.78761291503906,79.24750518798828,-0.008861933803050372,1.5427688360214233,0.0,-0.006094463099344841,-0.00018734490467699498,0.0024505085470832126,-0.017313742145020582,1.567920095161151,0.09195559944407944,0.04178823128092737,4441.408263546004
6.814,-174.73789978027344,79.24810791015625,-0.007972439559409858,1.5430445671081543,0.0,-0.005482746744266584,-0.00016509586268449275,-0.0038483542363394506,-0.014181097435796125,1.5685318115161664,0.04178823128092737,0.046695437489621336,4504.5795045500045
6.8469999999999995,-174.6879425048828,79.24874877929688,-0.007196927049978784,1.5281639099121094,0.0,-0.004949417058348467,-0.00014752765195684222,-0.011038792123011853,-0.011548364304004417,1.5690651412020928,0.046695437489621336,0.05496277948755523,4568.18538662201
6.880000000000001,-174.63804626464844,79.24957275390625,-0.0063095607344670806,1.5135293006896973,0.0,-0.004339164106151266,-0.00012901554013284477,-0.010472084978439595,-0.008529677526077976,1.5696753941542685,0.05496277948755523,0.022251039730892763,4635.139002406099
6.913,-174.58831787109375,79.2498550415039,-0.0058312575228375,1.5015021562576294,0.0,-0.004010228984499688,-0.00011987752827748158,-0.008929200977452686,-0.006807025817381265,1.5700043292759123,0.022251039730892763,0.05987545958112229,4702.655402093605
6.946,-174.5387725830078,79.25077819824219,-0.0049556091161221455,1.4905999898910522,0.0,-0.0034080345852490505,-0.00010133783541316792,-0.007928887741349646,-0.0038334761772739097,1.5706065236751616,0.05987545958112229,0.09248855146469154,4770.287247362838
6.978999999999999,-174.4894561767578,79.25239562988281,-0.003561711381797648,1.4814790487289429,0.0,-0.002449433619038161,-7.22507792524926e-05,-0.006341326271953511,0.0009475280712247895,1.5715651246413573,0.09248855146469154,0.08493040246764899,4838.400346989579
7.0120000000000005,-174.4402313232422,79.25402069091797,-0.0021608890385274564,1.4758814573287964,0.0,-0.001486070512347008,-4.387996686686086e-05,-0.0038792402193369704,0.015798792597914002,1.5725284877481052,0.08493040246764899,0.05163406655747729,4907.1185193544825
7.045,-174.3910675048828,79.25511169433594,-0.0011989549927165105,1.4729135036468506,0.0,-0.0008245363961498891,-2.450590581317032e-05,-0.0020834543373311554,0.019231361967266984,1.5731900218642556,0.05163406655747729,0.02457943196975177,4975.947757181852
7.077999999999999,-174.34194946289062,79.25569915771484,-0.0006881607606578938,1.4711414575576782,0.0,-0.0004732567919659929,-1.412368682189796e-05,-0.0012301034249151284,0.021061496411376595,1.5735413014684472,0.02457943196975177,-0.02144250168193146,5044.915026748496
7.111000000000001,-174.2928466796875,79.25541687011719,-0.0008713862436553454,1.4700756072998047,0.0,-0.0005992632562213723,-1.7969503949388696e-05,-0.0009686182507644403,0.020432621986744105,1.5734152950042262,-0.02144250168193146,0.013769275489132253,5113.958266326092
7.144,-174.24374389648438,79.25564575195312,-0.0007446199058047363,1.4700689315795898,0.0,-0.0005120844546821765,-1.5370212097283703e-05,-0.00037564781300979003,0.02079291416487083,1.573502473805787,0.013769275489132253,-0.0075952663497269556,5183.570627716905
7.177,-174.19464111328125,79.25553131103516,-0.0008064051780759934,1.470945119857788,0.0,-0.0005545749618681519,-1.6592027898198938e-05,3.489155006112447e-05,0.02057862165973188,1.5734599832985952,-0.0075952663497269556,0.005321317190097206,5253.645540742414
7.210000000000001,-174.1454620361328,79.25559997558594,-0.0007558051173644878,1.472381591796875,0.0,-0.0005197766650534396,-1.560413663697585e-05,0.0003403334108612133,0.02073302387241234,1.5734947815953904,0.005321317190097206,-0.031752676105353365,5324.318141365991
7.243,-174.0962677001953,79.25502014160156,-0.0011563444152752427,1.4739130735397339,0.0,-0.0007952325672532893,-2.364123364737019e-05,0.000187568663791822,0.01929209611266261,1.5732193256931097,-0.031752676105353365,-0.014802288827349463,5395.230368693326
7.276,-174.04696655273438,79.254638671875,-0.0014487596330031056,1.4760499000549316,0.0,-0.0009963301824843945,-2.9740871338372504e-05,0.00034403344109732413,0.01816784738856859,1.5730182280779736,-0.014802288827349463,0.023793248356498813,5466.961379078978
7.308999999999999,-173.99766540527344,79.25496673583984,-0.0011920307738823043,1.4779151678085327,0.0,-0.0008197745239541916,-2.473267096902398e-05,0.00033661848985938494,0.019086907003847464,1.5731947837364677,0.023793248356498813,0.011562183682622167,5539.114200926404
7.3420000000000005,-173.94827270507812,79.25516510009766,-0.000973118932277791,1.4801009893417358,0.0,-0.00066922610299791,-2.0139141826478162e-05,0.0006063513004626671,0.019960790059030013,1.5733453321574338,0.011562183682622167,0.029652633930582907,5611.971561605601
7.375,-173.89881896972656,79.25568389892578,-0.0005416868681942451,1.4819753170013428,0.0,-0.0003725248577768838,-1.132598192693517e-05,0.0006663203957063442,0.02161655454205419,1.5736420334026509,0.029652633930582907,0.014285977983802725,5685.40843762168
7.4079999999999995,-173.8493194580078,79.25598907470703,-0.00025779397726502496,1.4840174913406372,0.0,-0.0001772881536459054,-5.387346403875973e-06,0.0008921901810147043,0.022755295837693628,1.5738372701068517,0.014285977983802725,0.05880240343669525,5759.527391655864
7.441000000000001,-173.79977416992188,79.25709533691406,0.0005647452204132008,1.4849095344543457,0.0,0.0003883823759950577,1.1596593538452916e-05,0.0007283941670608485,0.02590524173714043,1.5744029406365323,0.05880240343669525,0.0799307464040481,5833.956230546564
7.474,-173.75022888183594,79.25872039794922,0.0017927455088241318,1.4857137203216553,0.0,0.0012328935865312013,3.712833932695098e-05,0.001298465688066851,0.030708619963984496,1.5752474518470008,0.0799307464040481,0.04674873127861897,5909.366309405768
7.507,-173.7006072998047,79.25988006591797,0.0026717495245204186,1.4878531694412231,0.0,0.001837395680193083,5.5123393443867384e-05,0.002405599322044145,0.03422782549660978,1.5758519539405764,0.04674873127861897,0.029743132627180056,5985.4159970952915
7.539999999999999,-173.65093994140625,79.2607192993164,0.003236836417578355,1.4895700216293335,0.0,0.0022260130287541373,6.681612517187022e-05,0.0024768443028443535,0.0464179577877225,1.5762405712892615,0.029743132627180056,0.04206515559209355,6061.63319390594
7.573,-173.60122680664062,79.26177215576172,0.003902720056780912,1.4905719757080078,0.0,0.002683949564703048,8.071361920526342e-05,0.002452337067727614,0.0490193408659961,1.5766985078251565,0.04206515559209355,0.07450208766227831,6138.418709517828
7.606,-173.551513671875,79.26347351074219,0.005020806108409997,1.4905542135238647,0.0,0.0034528713751097256,0.00010432969495613467,0.0025015219621334654,0.053439646329328475,1.5774674296354743,0.07450208766227831,0.021771243341932228,6215.815742815876
7.638999999999999,-173.50180053710938,79.26433563232422,0.005556344917084314,1.4920012950897217,0.0,0.003821168135192641,0.00011472306343158185,0.003501713241470624,0.05563571181648513,1.5778357263956542,0.021771243341932228,-0.007790797061890491,6293.97708579053
7.672000000000001,-173.45201110839844,79.26458740234375,0.00554738639687837,1.4928104877471924,0.0,0.003815007248411805,0.00011425393205384177,0.0031782895271745366,0.055525604254510946,1.5778295655088321,-0.007790797061890491,-0.007755386529530515,6372.1435024767825
7.705,-173.40223693847656,79.26475524902344,0.005430506394388867,1.4934256076812744,0.0,0.003734627403780329,0.00011184395176797455,0.003022813164235449,0.054909667016355204,1.5777491856643016,-0.007755386529530515,-0.03684440927434731,6450.882503078196
7.7379999999999995,-173.35243225097656,79.26436614990234,0.004918924072106304,1.4936110973358154,0.0,0.003382805820058384,0.00010099112630382781,0.00255220686332366,0.05267480789810859,1.577397364080456,-0.03684440927434731,-0.035750083523321784,6529.952186918464
7.771000000000001,-173.30262756347656,79.2638931274414,0.004328650541098404,1.4940301179885864,0.0,0.0029768673044705827,8.890299562416574e-05,0.0023738355969347,0.05005389938351508,1.576991425564887,-0.035750083523321784,-0.0068648820360351775,6609.551013505923
7.804,-173.25282287597656,79.2638931274414,0.0041132798715058545,1.494563102722168,0.0,0.002828754191950922,8.472337082618398e-05,0.0023231323025436987,0.04900444114569437,1.5768433124524481,-0.0068648820360351775,-0.05331356225496251,6689.819504847006
7.837,-173.20301818847656,79.26309204101562,0.00337691504987597,1.4942814111709595,0.0,0.0023223468622624237,6.91621748005433e-05,0.001547611749333737,0.0458261070186999,1.576336905122636,-0.05331356225496251,-0.017555005637496367,6770.2074736348095
